{
  "websiteName": "AmaZeen",
  "websiteDescription": "Your one-stop shop for amazing products!",
  "contactInfo": {
    "email": "contact@amazeen.com",
    "phone": "+1-123-456-7890"
  },
  "products": [
    {
      "id": 1,
      "name": "Skyrim Pillow",
      "description": "A cozy pillow featuring Skyrim artwork.",
      "price": 10.99,
      "stock": 50
    },
    {
      "id": 2,
      "name": "Majima Pillow",
      "description": "A Majima-themed decorative pillow.",
      "price": 15.99,
      "stock": 30
    },
    {
      "id": 3,
      "name": "Mass Effect Pillow",
      "description": "A body pillow for Mass Effect fans.",
      "price": 19.99,
      "stock": 20
    }
  }
}
